
<beans:beans
	xmlns="http://www.springframework.org/schema/security"
	xmlns:beans="http://www.springframework.org/schema/beans"
	xmlns:xsi="http://www.w3.org/2001/XMLSchema-instance"
	xsi:schemaLocation="http://www.springframework.org/schema/beans
    http://www.springframework.org/schema/beans/spring-beans.xsd
    http://www.springframework.org/schema/security
    http://www.springframework.org/schema/security/spring-security.xsd">
	<http auto-config="true">
		<intercept-url pattern="/" access="permitAll" />
		<intercept-url pattern="/admin**"
			access="hasRole('ADMIN')" />
		<intercept-url pattern="/user**"
			access="hasRole('USER')" />
		<intercept-url pattern="/hr**"
			access="hasRole('HR') and hasRole('ADMIN')" />
		<access-denied-handler
			error-page="/accessdenied" />
		<form-login login-page="/logi//n" default-target-url="/admin"
			authentication-failure-url="/loginError" />
		<logout logout-success-url="/logout"
			logout-url="/j_spring_security_logout" />
		<csrf disabled="true" />
	</http>
	<!-- <authentication-manager> <authentication-provider> <user-service> <user 
		name="user" password="user123" authorities="ROLE_USER"></user> <user name="admin" 
		password="admin123" authorities="ROLE_ADMIN"></user> <user name="hr" password="hr123" 
		authorities="ROLE_ADMIN, ROLE_HR"></user> </user-service> </authentication-provider> 
		</authentication-manager> -->
	<authentication-manager>
		<authentication-provider>
			<jdbc-user-service data-source-ref="dataSource"
				users-by-username-query="select user_name, password, enabled from USERS where user_name =?"
				authorities-by-username-query="select u.user_name, ur.authority from USERS u, USERS_ROLES ur where u.user_id = ur.user_id and u.user_name=?" />
		</authentication-provider>
	</authentication-manager>
	<beans:bean id="dataSource"
		class="org.springframework.jdbc.datasource.DriverManagerDataSource">
		<beans:property name="driverClassName"
			value="com.mysql.jdbc.Driver" />
		<beans:property name="url"
			value="jdbc:mysql://localhost:3306/cts" />
		<beans:property name="username" value="root" />
		<beans:property name="password" value="admin" />
	</beans:bean>
</beans:beans>